fips,typology
01001,Working Class Country
01003,Rural Middle America
01005,African American South
01007,Evangelical Hubs
01009,Evangelical Hubs
01011,African American South
01013,African American South
01015,Working Class Country
01017,African American South
01019,Evangelical Hubs
01021,Evangelical Hubs
01023,African American South
01025,African American South
01027,Evangelical Hubs
01029,Evangelical Hubs
01031,Military Posts
01033,Working Class Country
01035,African American South
01037,Evangelical Hubs
01039,Evangelical Hubs
01041,Evangelical Hubs
01043,Evangelical Hubs
01045,Military Posts
01047,African American South
01049,Evangelical Hubs
01051,Evangelical Hubs
01053,African American South
01055,Evangelical Hubs
01057,Evangelical Hubs
01059,Evangelical Hubs
01061,Evangelical Hubs
01063,African American South
01065,African American South
01067,Working Class Country
01069,Working Class Country
01071,Evangelical Hubs
01073,African American South
01075,Evangelical Hubs
01077,Working Class Country
01079,Evangelical Hubs
01081,College Towns
01083,Evangelical Hubs
01085,African American South
01087,African American South
01089,College Towns
01091,African American South
01093,Evangelical Hubs
01095,Evangelical Hubs
01097,African American South
01099,African American South
01101,African American South
01103,Working Class Country
01105,African American South
01107,African American South
01109,African American South
01111,Evangelical Hubs
01113,African American South
01115,Evangelical Hubs
01117,Exurbs
01119,African American South
01121,African American South
01123,Working Class Country
01125,College Towns
01127,Evangelical Hubs
01129,Evangelical Hubs
01131,African American South
01133,Evangelical Hubs
02013,Native American Lands
02016,Native American Lands
02020,Military Posts
02050,Native American Lands
02060,Military Posts
02068,Military Posts
02070,Native American Lands
02090,Military Posts
02100,Graying America
02110,Military Posts
02122,Graying America
02130,Exurbs
02150,Military Posts
02164,Native American Lands
02170,Exurbs
02180,Native American Lands
02185,Native American Lands
02188,Native American Lands
02220,Military Posts
02240,Military Posts
02261,Native American Lands
02270,Military Posts
02282,Military Posts
02290,Native American Lands
04001,Native American Lands
04003,Military Posts
04005,College Towns
04007,Graying America
04009,Native American Lands
04011,Hispanic Centers
04012,Graying America
04013,Big Cities
04015,Graying America
04017,Native American Lands
04019,Big Cities
04021,Exurbs
04023,Hispanic Centers
04025,Graying America
04027,Hispanic Centers
05001,Working Class Country
05003,Evangelical Hubs
05005,Graying America
05007,Urban Burbs
05009,Evangelical Hubs
05011,African American South
05013,Evangelical Hubs
05015,Rural Middle America
05017,African American South
05019,College Towns
05021,Evangelical Hubs
05023,Evangelical Hubs
05025,Evangelical Hubs
05027,African American South
05029,Working Class Country
05031,College Towns
05033,Evangelical Hubs
05035,African American South
05037,Evangelical Hubs
05039,African American South
05041,African American South
05043,Working Class Country
05045,College Towns
05047,Evangelical Hubs
05049,Evangelical Hubs
05051,Working Class Country
05053,Evangelical Hubs
05055,Evangelical Hubs
05057,African American South
05059,Evangelical Hubs
05061,Evangelical Hubs
05063,Evangelical Hubs
05065,Evangelical Hubs
05067,Evangelical Hubs
05069,African American South
05071,Evangelical Hubs
05073,African American South
05075,Evangelical Hubs
05077,African American South
05079,Evangelical Hubs
05081,Working Class Country
05083,Evangelical Hubs
05085,Working Class Country
05087,Evangelical Hubs
05089,Evangelical Hubs
05091,Evangelical Hubs
05093,African American South
05095,African American South
05097,Evangelical Hubs
05099,African American South
05101,Evangelical Hubs
05103,African American South
05105,Evangelical Hubs
05107,African American South
05109,Evangelical Hubs
05111,Evangelical Hubs
05113,Evangelical Hubs
05115,Working Class Country
05117,Evangelical Hubs
05119,African American South
05121,Evangelical Hubs
05123,African American South
05125,Exurbs
05127,Evangelical Hubs
05129,Evangelical Hubs
05131,Working Class Country
05133,Hispanic Centers
05135,Evangelical Hubs
05137,Evangelical Hubs
05139,African American South
05141,Evangelical Hubs
05143,College Towns
05145,Working Class Country
05147,African American South
05149,Evangelical Hubs
06001,Big Cities
06003,Graying America
06005,Graying America
06007,College Towns
06009,Graying America
06011,Hispanic Centers
06013,Urban Burbs
06015,Graying America
06017,Exurbs
06019,Hispanic Centers
06021,Hispanic Centers
06023,College Towns
06025,Hispanic Centers
06027,Graying America
06029,Hispanic Centers
06031,Hispanic Centers
06033,Graying America
06035,Graying America
06037,Big Cities
06039,Hispanic Centers
06041,Urban Burbs
06043,Graying America
06045,Graying America
06047,Hispanic Centers
06049,Graying America
06051,Graying America
06053,Hispanic Centers
06055,Exurbs
06057,Graying America
06059,Urban Burbs
06061,Exurbs
06063,Graying America
06065,Hispanic Centers
06067,Big Cities
06069,Hispanic Centers
06071,Hispanic Centers
06073,Big Cities
06075,Big Cities
06077,Hispanic Centers
06079,Exurbs
06081,Urban Burbs
06083,Exurbs
06085,Big Cities
06087,Urban Burbs
06089,Graying America
06091,Graying America
06093,Graying America
06095,Exurbs
06097,Urban Burbs
06099,Hispanic Centers
06101,Hispanic Centers
06103,Graying America
06105,Graying America
06107,Hispanic Centers
06109,Graying America
06111,Urban Burbs
06113,College Towns
06115,Hispanic Centers
08001,Exurbs
08003,Hispanic Centers
08005,Urban Burbs
08007,Graying America
08009,Aging Farmlands
08011,Hispanic Centers
08013,College Towns
08014,Urban Burbs
08015,Graying America
08017,Aging Farmlands
08019,Graying America
08021,Hispanic Centers
08023,Hispanic Centers
08025,Graying America
08027,Graying America
08029,Graying America
08031,Big Cities
08033,Graying America
08035,Exurbs
08037,Exurbs
08039,Exurbs
08041,Military Posts
08043,Graying America
08045,Exurbs
08047,Graying America
08049,Graying America
08051,College Towns
08053,Graying America
08055,Graying America
08057,Graying America
08059,Exurbs
08061,Aging Farmlands
08063,Aging Farmlands
08065,Graying America
08067,Exurbs
08069,Exurbs
08071,Hispanic Centers
08073,Graying America
08075,Graying America
08077,College Towns
08079,Graying America
08081,Graying America
08083,Graying America
08085,Graying America
08087,Hispanic Centers
08089,Hispanic Centers
08091,Graying America
08093,Graying America
08095,Aging Farmlands
08097,Graying America
08099,Hispanic Centers
08101,Hispanic Centers
08103,Graying America
08105,Hispanic Centers
08107,Graying America
08109,Hispanic Centers
08111,Graying America
08113,Graying America
08115,Graying America
08117,Graying America
08119,Graying America
08121,Aging Farmlands
08123,Exurbs
08125,Aging Farmlands
09001,Urban Burbs
09003,Urban Burbs
09005,Graying America
09007,Exurbs
09009,Urban Burbs
09011,Military Posts
09013,Exurbs
09015,Rural Middle America
10001,Military Posts
10003,Urban Burbs
10005,Graying America
11001,Big Cities
12001,College Towns
12003,Evangelical Hubs
12005,Military Posts
12007,Working Class Country
12009,Graying America
12011,Urban Burbs
12013,Graying America
12015,Graying America
12017,Graying America
12019,Exurbs
12021,Graying America
12023,Working Class Country
12027,Graying America
12029,Graying America
12031,Big Cities
12033,Military Posts
12035,Graying America
12037,Graying America
12039,African American South
12041,Working Class Country
12043,Graying America
12045,Graying America
12047,African American South
12049,Hispanic Centers
12051,Hispanic Centers
12053,Graying America
12055,Graying America
12057,Urban Burbs
12059,Evangelical Hubs
12061,Graying America
12063,African American South
12065,African American South
12067,Graying America
12069,Graying America
12071,Graying America
12073,College Towns
12075,Working Class Country
12077,Graying America
12079,African American South
12081,Graying America
12083,Graying America
12085,Graying America
12086,Big Cities
12087,Graying America
12089,Exurbs
12091,Military Posts
12093,Graying America
12095,Urban Burbs
12097,Hispanic Centers
12099,Urban Burbs
12101,Exurbs
12103,Urban Burbs
12105,Exurbs
12107,Working Class Country
12109,Exurbs
12111,Exurbs
12113,Exurbs
12115,Graying America
12117,Urban Burbs
12119,Graying America
12121,Working Class Country
12123,Evangelical Hubs
12125,Graying America
12127,Graying America
12129,Exurbs
12131,Graying America
12133,Evangelical Hubs
13001,Evangelical Hubs
13003,Working Class Country
13005,Evangelical Hubs
13007,African American South
13009,African American South
13011,Evangelical Hubs
13013,Exurbs
13015,Working Class Country
13017,African American South
13019,Evangelical Hubs
13021,African American South
13023,Evangelical Hubs
13025,Evangelical Hubs
13027,African American South
13029,Military Posts
13031,College Towns
13033,African American South
13035,Working Class Country
13037,African American South
13039,Military Posts
13043,African American South
13045,Working Class Country
13047,Middle Suburbs
13049,Working Class Country
13051,College Towns
13053,Military Posts
13055,Evangelical Hubs
13057,Exurbs
13059,College Towns
13061,African American South
13063,African American South
13065,Working Class Country
13067,Urban Burbs
13069,Working Class Country
13071,African American South
13073,Military Posts
13075,Evangelical Hubs
13077,Urban Burbs
13079,Working Class Country
13081,African American South
13083,Evangelical Hubs
13085,Exurbs
13087,African American South
13089,Urban Burbs
13091,Evangelical Hubs
13093,African American South
13095,African American South
13097,African American South
13099,African American South
13101,Evangelical Hubs
13103,Exurbs
13105,African American South
13107,African American South
13109,African American South
13111,Graying America
13113,Urban Burbs
13115,Working Class Country
13117,Urban Burbs
13119,Evangelical Hubs
13121,Big Cities
13123,Graying America
13125,Evangelical Hubs
13127,Military Posts
13129,Evangelical Hubs
13131,Working Class Country
13133,Graying America
13135,Urban Burbs
13137,Evangelical Hubs
13139,Exurbs
13141,African American South
13143,Evangelical Hubs
13145,Exurbs
13147,Working Class Country
13149,Evangelical Hubs
13151,Urban Burbs
13153,Military Posts
13155,Evangelical Hubs
13157,Exurbs
13159,Evangelical Hubs
13161,Evangelical Hubs
13163,African American South
13165,African American South
13167,African American South
13169,Working Class Country
13171,Working Class Country
13173,Military Posts
13175,African American South
13177,Exurbs
13179,Military Posts
13181,Working Class Country
13183,Military Posts
13185,College Towns
13187,College Towns
13189,African American South
13191,Graying America
13193,African American South
13195,Evangelical Hubs
13197,Working Class Country
13199,African American South
13201,Evangelical Hubs
13205,African American South
13207,Working Class Country
13209,Working Class Country
13211,Rural Middle America
13213,Evangelical Hubs
13215,African American South
13217,African American South
13219,Exurbs
13221,Evangelical Hubs
13223,Exurbs
13225,African American South
13227,Rural Middle America
13229,Evangelical Hubs
13231,Evangelical Hubs
13233,Evangelical Hubs
13235,African American South
13237,Working Class Country
13239,African American South
13241,Graying America
13243,African American South
13245,African American South
13247,African American South
13249,Evangelical Hubs
13251,African American South
13253,African American South
13255,African American South
13257,Evangelical Hubs
13259,African American South
13261,African American South
13263,African American South
13265,African American South
13267,Evangelical Hubs
13269,African American South
13271,African American South
13273,African American South
13275,African American South
13277,African American South
13279,African American South
13281,Graying America
13283,African American South
13285,African American South
13287,African American South
13289,African American South
13291,Graying America
13293,African American South
13295,Evangelical Hubs
13297,Exurbs
13299,African American South
13301,African American South
13303,African American South
13305,Evangelical Hubs
13307,African American South
13309,African American South
13311,Rural Middle America
13313,Hispanic Centers
13315,African American South
13317,African American South
13319,African American South
13321,Evangelical Hubs
15001,Graying America
15003,Urban Burbs
15005,Exurbs
15007,Exurbs
15009,Exurbs
16001,Exurbs
16003,Graying America
16005,LDS Enclaves
16007,LDS Enclaves
16009,Rural Middle America
16011,LDS Enclaves
16013,Graying America
16015,Graying America
16017,Graying America
16019,LDS Enclaves
16021,Graying America
16023,Aging Farmlands
16025,Graying America
16027,Exurbs
16029,LDS Enclaves
16031,LDS Enclaves
16033,Hispanic Centers
16035,Graying America
16037,Graying America
16039,Military Posts
16041,LDS Enclaves
16043,LDS Enclaves
16045,Rural Middle America
16047,Hispanic Centers
16049,Graying America
16051,LDS Enclaves
16053,Hispanic Centers
16055,Exurbs
16057,College Towns
16059,Graying America
16061,Graying America
16063,Hispanic Centers
16065,LDS Enclaves
16067,Hispanic Centers
16069,Rural Middle America
16071,LDS Enclaves
16073,Aging Farmlands
16075,Rural Middle America
16077,Hispanic Centers
16079,Graying America
16081,Exurbs
16083,Exurbs
16085,Graying America
16087,Graying America
17001,Rural Middle America
17003,African American South
17005,Rural Middle America
17007,Rural Middle America
17009,Rural Middle America
17011,Rural Middle America
17013,Aging Farmlands
17015,Rural Middle America
17017,Rural Middle America
17019,College Towns
17021,Rural Middle America
17023,Rural Middle America
17025,Rural Middle America
17027,Rural Middle America
17029,College Towns
17031,Big Cities
17033,Rural Middle America
17035,Rural Middle America
17037,College Towns
17039,Rural Middle America
17041,Rural Middle America
17043,Urban Burbs
17045,Rural Middle America
17047,Rural Middle America
17049,Rural Middle America
17051,Working Class Country
17053,Rural Middle America
17055,Working Class Country
17057,Rural Middle America
17059,Working Class Country
17061,Working Class Country
17063,Exurbs
17065,Aging Farmlands
17067,Rural Middle America
17069,Aging Farmlands
17071,Rural Middle America
17073,Rural Middle America
17075,Rural Middle America
17077,College Towns
17079,Rural Middle America
17081,Working Class Country
17083,Rural Middle America
17085,Graying America
17087,Working Class Country
17089,Urban Burbs
17091,Rural Middle America
17093,Urban Burbs
17095,Rural Middle America
17097,Urban Burbs
17099,Rural Middle America
17101,Rural Middle America
17103,Rural Middle America
17105,Rural Middle America
17107,Rural Middle America
17109,College Towns
17111,Exurbs
17113,College Towns
17115,Rural Middle America
17117,Rural Middle America
17119,Middle Suburbs
17121,Rural Middle America
17123,Rural Middle America
17125,Working Class Country
17127,Working Class Country
17129,Rural Middle America
17131,Rural Middle America
17133,Exurbs
17135,Rural Middle America
17137,Rural Middle America
17139,Rural Middle America
17141,Rural Middle America
17143,College Towns
17145,Working Class Country
17147,Rural Middle America
17149,Working Class Country
17151,Graying America
17153,African American South
17155,Rural Middle America
17157,Working Class Country
17159,Rural Middle America
17161,Middle Suburbs
17163,Military Posts
17165,Working Class Country
17167,College Towns
17169,Rural Middle America
17171,Rural Middle America
17173,Rural Middle America
17175,Rural Middle America
17177,Rural Middle America
17179,Rural Middle America
17181,Working Class Country
17183,Working Class Country
17185,Rural Middle America
17187,Rural Middle America
17189,Rural Middle America
17191,Rural Middle America
17193,Evangelical Hubs
17195,Rural Middle America
17197,Urban Burbs
17199,Rural Middle America
17201,Middle Suburbs
17203,Rural Middle America
18001,Rural Middle America
18003,Middle Suburbs
18005,Rural Middle America
18007,Rural Middle America
18009,Rural Middle America
18011,Exurbs
18013,Graying America
18015,Rural Middle America
18017,Rural Middle America
18019,Middle Suburbs
18021,Rural Middle America
18023,Rural Middle America
18025,Working Class Country
18027,Working Class Country
18029,Rural Middle America
18031,Rural Middle America
18033,Rural Middle America
18035,College Towns
18037,Rural Middle America
18039,Middle Suburbs
18041,Rural Middle America
18043,Middle Suburbs
18045,Rural Middle America
18047,Rural Middle America
18049,Rural Middle America
18051,Rural Middle America
18053,Working Class Country
18055,Evangelical Hubs
18057,Exurbs
18059,Exurbs
18061,Rural Middle America
18063,Exurbs
18065,Rural Middle America
18067,Middle Suburbs
18069,Rural Middle America
18071,Rural Middle America
18073,Rural Middle America
18075,Rural Middle America
18077,Rural Middle America
18079,Rural Middle America
18081,Exurbs
18083,Rural Middle America
18085,Rural Middle America
18087,Rural Middle America
18089,Middle Suburbs
18091,Rural Middle America
18093,Rural Middle America
18095,Middle Suburbs
18097,Big Cities
18099,Rural Middle America
18101,Rural Middle America
18103,Rural Middle America
18105,College Towns
18107,Rural Middle America
18109,Rural Middle America
18111,Rural Middle America
18113,Rural Middle America
18115,Rural Middle America
18117,Rural Middle America
18119,Rural Middle America
18121,Rural Middle America
18123,Rural Middle America
18125,Rural Middle America
18127,Middle Suburbs
18129,Rural Middle America
18131,Rural Middle America
18133,Rural Middle America
18135,Rural Middle America
18137,Rural Middle America
18139,Rural Middle America
18141,College Towns
18143,Rural Middle America
18145,Rural Middle America
18147,Rural Middle America
18149,Working Class Country
18151,Rural Middle America
18153,Rural Middle America
18155,Working Class Country
18157,College Towns
18159,Rural Middle America
18161,Rural Middle America
18163,College Towns
18165,Rural Middle America
18167,College Towns
18169,Rural Middle America
18171,Rural Middle America
18173,Rural Middle America
18175,Rural Middle America
18177,Rural Middle America
18179,Rural Middle America
18181,Rural Middle America
18183,Rural Middle America
19001,Rural Middle America
19003,Aging Farmlands
19005,Aging Farmlands
19007,Working Class Country
19009,Aging Farmlands
19011,Rural Middle America
19013,College Towns
19015,Rural Middle America
19017,Rural Middle America
19019,Rural Middle America
19021,Hispanic Centers
19023,Rural Middle America
19025,Rural Middle America
19027,Rural Middle America
19029,Rural Middle America
19031,Rural Middle America
19033,Rural Middle America
19035,Rural Middle America
19037,Rural Middle America
19039,Rural Middle America
19041,Rural Middle America
19043,Rural Middle America
19045,Rural Middle America
19047,Hispanic Centers
19049,Exurbs
19051,Rural Middle America
19053,Rural Middle America
19055,Rural Middle America
19057,Rural Middle America
19059,Graying America
19061,Rural Middle America
19063,Rural Middle America
19065,Rural Middle America
19067,Rural Middle America
19069,Rural Middle America
19071,Rural Middle America
19073,Rural Middle America
19075,Rural Middle America
19077,Rural Middle America
19079,Rural Middle America
19081,Rural Middle America
19083,Rural Middle America
19085,Rural Middle America
19087,Rural Middle America
19089,Rural Middle America
19091,Rural Middle America
19093,Rural Middle America
19095,Rural Middle America
19097,Rural Middle America
19099,Rural Middle America
19101,Rural Middle America
19103,College Towns
19105,Rural Middle America
19107,Rural Middle America
19109,Rural Middle America
19111,Rural Middle America
19113,Middle Suburbs
19115,Rural Middle America
19117,Rural Middle America
19119,Rural Middle America
19121,Rural Middle America
19123,Rural Middle America
19125,Rural Middle America
19127,Rural Middle America
19129,Rural Middle America
19131,Rural Middle America
19133,Rural Middle America
19135,Rural Middle America
19137,Rural Middle America
19139,Rural Middle America
19141,Rural Middle America
19143,Aging Farmlands
19145,Rural Middle America
19147,Rural Middle America
19149,Rural Middle America
19151,Aging Farmlands
19153,Urban Burbs
19155,Rural Middle America
19157,Rural Middle America
19159,Aging Farmlands
19161,Rural Middle America
19163,Middle Suburbs
19165,Rural Middle America
19167,Rural Middle America
19169,College Towns
19171,Rural Middle America
19173,Rural Middle America
19175,Rural Middle America
19177,Rural Middle America
19179,Rural Middle America
19181,Exurbs
19183,Rural Middle America
19185,Aging Farmlands
19187,Rural Middle America
19189,Rural Middle America
19191,Rural Middle America
19193,Rural Middle America
19195,Rural Middle America
19197,Rural Middle America
20001,Rural Middle America
20003,Rural Middle America
20005,Rural Middle America
20007,Aging Farmlands
20009,Rural Middle America
20011,Rural Middle America
20013,Rural Middle America
20015,Rural Middle America
20017,Rural Middle America
20019,Working Class Country
20021,Rural Middle America
20023,Aging Farmlands
20025,Aging Farmlands
20027,Aging Farmlands
20029,Rural Middle America
20031,Rural Middle America
20033,Aging Farmlands
20035,Rural Middle America
20037,College Towns
20039,Aging Farmlands
20041,Rural Middle America
20043,Rural Middle America
20045,College Towns
20047,Aging Farmlands
20049,Aging Farmlands
20051,College Towns
20053,Aging Farmlands
20055,Hispanic Centers
20057,Hispanic Centers
20059,Rural Middle America
20061,Military Posts
20063,Aging Farmlands
20065,Aging Farmlands
20067,Hispanic Centers
20069,Aging Farmlands
20071,Aging Farmlands
20073,Aging Farmlands
20075,Hispanic Centers
20077,Working Class Country
20079,Rural Middle America
20081,Hispanic Centers
20083,Aging Farmlands
20085,Rural Middle America
20087,Rural Middle America
20089,Aging Farmlands
20091,Exurbs
20093,Hispanic Centers
20095,Aging Farmlands
20097,Aging Farmlands
20099,Rural Middle America
20101,Aging Farmlands
20103,Military Posts
20105,Aging Farmlands
20107,Working Class Country
20109,Aging Farmlands
20111,College Towns
20113,Rural Middle America
20115,Rural Middle America
20117,Rural Middle America
20119,Aging Farmlands
20121,Rural Middle America
20123,Aging Farmlands
20125,Rural Middle America
20127,Aging Farmlands
20129,Aging Farmlands
20131,Rural Middle America
20133,Rural Middle America
20135,Aging Farmlands
20137,Rural Middle America
20139,Rural Middle America
20141,Aging Farmlands
20143,Rural Middle America
20145,Graying America
20147,Aging Farmlands
20149,Exurbs
20151,Rural Middle America
20153,Aging Farmlands
20155,Rural Middle America
20157,Aging Farmlands
20159,Rural Middle America
20161,College Towns
20163,Aging Farmlands
20165,Aging Farmlands
20167,Rural Middle America
20169,Rural Middle America
20171,Aging Farmlands
20173,Big Cities
20175,Hispanic Centers
20177,College Towns
20179,Aging Farmlands
20181,Aging Farmlands
20183,Aging Farmlands
20185,Aging Farmlands
20187,Aging Farmlands
20189,Hispanic Centers
20191,Rural Middle America
20193,Rural Middle America
20195,Aging Farmlands
20197,Rural Middle America
20199,Aging Farmlands
20201,Aging Farmlands
20203,Aging Farmlands
20205,Rural Middle America
20207,Aging Farmlands
20209,Hispanic Centers
21001,Evangelical Hubs
21003,Evangelical Hubs
21005,Evangelical Hubs
21007,Working Class Country
21009,Working Class Country
21011,Working Class Country
21013,Evangelical Hubs
21015,Exurbs
21017,Rural Middle America
21019,Working Class Country
21021,Rural Middle America
21023,Evangelical Hubs
21025,Evangelical Hubs
21027,Working Class Country
21029,Rural Middle America
21031,Evangelical Hubs
21033,Working Class Country
21035,College Towns
21037,Middle Suburbs
21039,Evangelical Hubs
21041,Working Class Country
21043,Evangelical Hubs
21045,Evangelical Hubs
21047,Military Posts
21049,Rural Middle America
21051,Evangelical Hubs
21053,Evangelical Hubs
21055,Evangelical Hubs
21057,Evangelical Hubs
21059,Rural Middle America
21061,Evangelical Hubs
21063,Evangelical Hubs
21065,Evangelical Hubs
21067,College Towns
21069,Evangelical Hubs
21071,Evangelical Hubs
21073,College Towns
21075,African American South
21077,Working Class Country
21079,Evangelical Hubs
21081,Working Class Country
21083,Evangelical Hubs
21085,Working Class Country
21087,Evangelical Hubs
21089,Evangelical Hubs
21091,Rural Middle America
21093,Military Posts
21095,Evangelical Hubs
21097,Rural Middle America
21099,Evangelical Hubs
21101,Working Class Country
21103,Working Class Country
21105,Evangelical Hubs
21107,Evangelical Hubs
21109,Evangelical Hubs
21111,Big Cities
21113,Exurbs
21115,Evangelical Hubs
21117,Middle Suburbs
21119,Evangelical Hubs
21121,Evangelical Hubs
21123,Rural Middle America
21125,Evangelical Hubs
21127,Evangelical Hubs
21129,Evangelical Hubs
21131,Evangelical Hubs
21133,Evangelical Hubs
21135,Evangelical Hubs
21137,Evangelical Hubs
21139,Evangelical Hubs
21141,Evangelical Hubs
21143,Graying America
21145,Evangelical Hubs
21147,Evangelical Hubs
21149,Rural Middle America
21151,College Towns
21153,Evangelical Hubs
21155,Working Class Country
21157,Rural Middle America
21159,Evangelical Hubs
21161,Working Class Country
21163,Military Posts
21165,Evangelical Hubs
21167,Rural Middle America
21169,Evangelical Hubs
21171,Evangelical Hubs
21173,Rural Middle America
21175,Evangelical Hubs
21177,Evangelical Hubs
21179,Rural Middle America
21181,Evangelical Hubs
21183,Working Class Country
21185,Exurbs
21187,Evangelical Hubs
21189,Evangelical Hubs
21191,Evangelical Hubs
21193,Evangelical Hubs
21195,Evangelical Hubs
21197,Evangelical Hubs
21199,Evangelical Hubs
21201,Working Class Country
21203,Evangelical Hubs
21205,College Towns
21207,Evangelical Hubs
21209,Exurbs
21211,Exurbs
21213,Working Class Country
21215,Rural Middle America
21217,Evangelical Hubs
21219,Evangelical Hubs
21221,Evangelical Hubs
21223,Working Class Country
21225,Evangelical Hubs
21227,College Towns
21229,Rural Middle America
21231,Evangelical Hubs
21233,Evangelical Hubs
21235,Evangelical Hubs
21237,Evangelical Hubs
21239,Exurbs
22001,Working Class Country
22003,Working Class Country
22005,Urban Burbs
22007,Working Class Country
22009,African American South
22011,Working Class Country
22013,African American South
22015,Military Posts
22017,African American South
22019,Military Posts
22021,Working Class Country
22023,Working Class Country
22025,African American South
22027,African American South
22029,African American South
22031,African American South
22033,African American South
22035,African American South
22037,Working Class Country
22039,African American South
22041,African American South
22043,Working Class Country
22045,African American South
22047,African American South
22049,African American South
22051,College Towns
22053,Working Class Country
22055,College Towns
22057,Working Class Country
22059,Evangelical Hubs
22061,College Towns
22063,Working Class Country
22065,African American South
22067,African American South
22069,African American South
22071,African American South
22073,African American South
22075,Working Class Country
22077,African American South
22079,African American South
22081,African American South
22083,African American South
22085,Working Class Country
22087,African American South
22089,Exurbs
22091,African American South
22093,African American South
22095,African American South
22097,African American South
22099,Working Class Country
22101,African American South
22103,Urban Burbs
22105,African American South
22107,African American South
22109,Working Class Country
22111,Working Class Country
22113,Working Class Country
22115,Military Posts
22117,African American South
22119,African American South
22121,Exurbs
22123,Evangelical Hubs
22125,African American South
22127,Working Class Country
23001,Rural Middle America
23003,Graying America
23005,Exurbs
23007,Graying America
23009,Graying America
23011,Graying America
23013,Graying America
23015,Graying America
23017,Graying America
23019,College Towns
23021,Graying America
23023,Graying America
23025,Graying America
23027,Graying America
23029,Graying America
23031,Graying America
24001,Working Class Country
24003,Urban Burbs
24005,Urban Burbs
24009,Military Posts
24011,Working Class Country
24013,Exurbs
24015,Exurbs
24017,Military Posts
24019,African American South
24021,Urban Burbs
24023,Graying America
24025,Urban Burbs
24027,Urban Burbs
24029,Graying America
24031,Urban Burbs
24033,Urban Burbs
24035,Exurbs
24037,Military Posts
24039,African American South
24041,Graying America
24043,Middle Suburbs
24045,College Towns
24047,Graying America
24510,Big Cities
25001,Graying America
25003,Graying America
25005,Exurbs
25007,Graying America
25009,Urban Burbs
25011,Graying America
25013,College Towns
25015,College Towns
25017,Urban Burbs
25019,Exurbs
25021,Urban Burbs
25023,Exurbs
25025,Big Cities
25027,Urban Burbs
26001,Graying America
26003,Graying America
26005,Rural Middle America
26007,Graying America
26009,Graying America
26011,Graying America
26013,Graying America
26015,Rural Middle America
26017,Middle Suburbs
26019,Graying America
26021,Middle Suburbs
26023,Rural Middle America
26025,Rural Middle America
26027,Rural Middle America
26029,Graying America
26031,Graying America
26033,Graying America
26035,Graying America
26037,Rural Middle America
26039,Graying America
26041,Rural Middle America
26043,Rural Middle America
26045,Rural Middle America
26047,Graying America
26049,Middle Suburbs
26051,Graying America
26053,Graying America
26055,Rural Middle America
26057,Rural Middle America
26059,Rural Middle America
26061,College Towns
26063,Graying America
26065,College Towns
26067,Rural Middle America
26069,Graying America
26071,Graying America
26073,College Towns
26075,Rural Middle America
26077,College Towns
26079,Graying America
26081,Urban Burbs
26083,Graying America
26085,Graying America
26087,Rural Middle America
26089,Graying America
26091,Rural Middle America
26093,Exurbs
26095,Graying America
26097,Graying America
26099,Middle Suburbs
26101,Graying America
26103,College Towns
26105,Rural Middle America
26107,College Towns
26109,Rural Middle America
26111,Rural Middle America
26113,Working Class Country
26115,Middle Suburbs
26117,Rural Middle America
26119,Graying America
26121,Middle Suburbs
26123,Rural Middle America
26125,Urban Burbs
26127,Rural Middle America
26129,Graying America
26131,Graying America
26133,Working Class Country
26135,Graying America
26137,Graying America
26139,Exurbs
26141,Graying America
26143,Graying America
26145,Middle Suburbs
26147,Rural Middle America
26149,Rural Middle America
26151,Rural Middle America
26153,Graying America
26155,Rural Middle America
26157,Rural Middle America
26159,Rural Middle America
26161,College Towns
26163,Big Cities
26165,Rural Middle America
27001,Graying America
27003,Exurbs
27005,Rural Middle America
27007,College Towns
27009,Rural Middle America
27011,Aging Farmlands
27013,College Towns
27015,Rural Middle America
27017,Rural Middle America
27019,Exurbs
27021,Graying America
27023,Rural Middle America
27025,Rural Middle America
27027,College Towns
27029,Working Class Country
27031,Graying America
27033,Rural Middle America
27035,Graying America
27037,Urban Burbs
27039,Rural Middle America
27041,Rural Middle America
27043,Rural Middle America
27045,Rural Middle America
27047,Rural Middle America
27049,Rural Middle America
27051,Rural Middle America
27053,Big Cities
27055,Rural Middle America
27057,Graying America
27059,Rural Middle America
27061,Graying America
27063,Rural Middle America
27065,Rural Middle America
27067,Rural Middle America
27069,Aging Farmlands
27071,Graying America
27073,Aging Farmlands
27075,Graying America
27077,Graying America
27079,Rural Middle America
27081,Aging Farmlands
27083,Rural Middle America
27085,Rural Middle America
27087,Native American Lands
27089,Aging Farmlands
27091,Rural Middle America
27093,Rural Middle America
27095,Rural Middle America
27097,Rural Middle America
27099,Rural Middle America
27101,Aging Farmlands
27103,Rural Middle America
27105,Hispanic Centers
27107,Aging Farmlands
27109,Exurbs
27111,Graying America
27113,Rural Middle America
27115,Graying America
27117,Rural Middle America
27119,Rural Middle America
27121,Rural Middle America
27123,Big Cities
27125,Rural Middle America
27127,Aging Farmlands
27129,Rural Middle America
27131,Rural Middle America
27133,Rural Middle America
27135,Rural Middle America
27137,College Towns
27139,Exurbs
27141,Exurbs
27143,Rural Middle America
27145,College Towns
27147,Rural Middle America
27149,Rural Middle America
27151,Rural Middle America
27153,Rural Middle America
27155,Aging Farmlands
27157,Rural Middle America
27159,Working Class Country
27161,Rural Middle America
27163,Exurbs
27165,Rural Middle America
27167,Rural Middle America
27169,College Towns
27171,Exurbs
27173,Rural Middle America
28001,African American South
28003,Evangelical Hubs
28005,African American South
28007,African American South
28009,Working Class Country
28011,African American South
28013,African American South
28015,Evangelical Hubs
28017,African American South
28019,Working Class Country
28021,African American South
28023,African American South
28025,African American South
28027,African American South
28029,African American South
28031,African American South
28033,Exurbs
28035,African American South
28037,Working Class Country
28039,Evangelical Hubs
28041,Evangelical Hubs
28043,African American South
28045,Working Class Country
28047,Military Posts
28049,African American South
28051,African American South
28053,African American South
28055,African American South
28057,Evangelical Hubs
28059,Working Class Country
28061,African American South
28063,African American South
28065,African American South
28067,Evangelical Hubs
28069,African American South
28071,College Towns
28073,Exurbs
28075,African American South
28077,Working Class Country
28079,African American South
28081,Evangelical Hubs
28083,African American South
28085,Working Class Country
28087,African American South
28089,Exurbs
28091,African American South
28093,African American South
28095,Working Class Country
28097,African American South
28099,African American South
28101,Evangelical Hubs
28103,African American South
28105,College Towns
28107,African American South
28109,Evangelical Hubs
28111,Evangelical Hubs
28113,African American South
28115,Evangelical Hubs
28117,Evangelical Hubs
28119,African American South
28121,Exurbs
28123,African American South
28125,African American South
28127,Working Class Country
28129,Evangelical Hubs
28131,Evangelical Hubs
28133,African American South
28135,African American South
28137,Evangelical Hubs
28139,Evangelical Hubs
28141,Evangelical Hubs
28143,African American South
28145,Evangelical Hubs
28147,African American South
28149,African American South
28151,African American South
28153,African American South
28155,Evangelical Hubs
28157,African American South
28159,African American South
28161,African American South
28163,African American South
29001,College Towns
29003,Rural Middle America
29005,Aging Farmlands
29007,Working Class Country
29009,Rural Middle America
29011,Evangelical Hubs
29013,Working Class Country
29015,Graying America
29017,Working Class Country
29019,College Towns
29021,Rural Middle America
29023,Evangelical Hubs
29025,Evangelical Hubs
29027,Rural Middle America
29029,Graying America
29031,College Towns
29033,Evangelical Hubs
29035,Evangelical Hubs
29037,Rural Middle America
29039,Evangelical Hubs
29041,Aging Farmlands
29043,Exurbs
29045,Evangelical Hubs
29047,Exurbs
29049,Rural Middle America
29051,Rural Middle America
29053,Working Class Country
29055,Evangelical Hubs
29057,Evangelical Hubs
29059,Evangelical Hubs
29061,Working Class Country
29063,Rural Middle America
29065,Evangelical Hubs
29067,Evangelical Hubs
29069,Evangelical Hubs
29071,Rural Middle America
29073,Rural Middle America
29075,Rural Middle America
29077,College Towns
29079,Evangelical Hubs
29081,Working Class Country
29083,Working Class Country
29085,Graying America
29087,Aging Farmlands
29089,Rural Middle America
29091,Working Class Country
29093,Evangelical Hubs
29095,Big Cities
29097,Rural Middle America
29099,Middle Suburbs
29101,Military Posts
29103,Working Class Country
29105,Rural Middle America
29107,Rural Middle America
29109,Evangelical Hubs
29111,Working Class Country
29113,Rural Middle America
29115,Rural Middle America
29117,Rural Middle America
29119,Evangelical Hubs
29121,Evangelical Hubs
29123,Evangelical Hubs
29125,Working Class Country
29127,Rural Middle America
29129,Aging Farmlands
29131,Evangelical Hubs
29133,Working Class Country
29135,Working Class Country
29137,Rural Middle America
29139,Working Class Country
29141,Working Class Country
29143,Working Class Country
29145,Evangelical Hubs
29147,College Towns
29149,Evangelical Hubs
29151,Rural Middle America
29153,Evangelical Hubs
29155,African American South
29157,Rural Middle America
29159,Rural Middle America
29161,College Towns
29163,Working Class Country
29165,Exurbs
29167,Evangelical Hubs
29169,Military Posts
29171,Working Class Country
29173,Working Class Country
29175,Working Class Country
29177,Rural Middle America
29179,Aging Farmlands
29181,Working Class Country
29183,Exurbs
29185,Aging Farmlands
29186,Rural Middle America
29187,Working Class Country
29189,Urban Burbs
29195,Rural Middle America
29197,Working Class Country
29199,Aging Farmlands
29201,Working Class Country
29203,Evangelical Hubs
29205,Evangelical Hubs
29207,Evangelical Hubs
29209,Graying America
29211,Working Class Country
29213,Working Class Country
29215,Evangelical Hubs
29217,Working Class Country
29219,Rural Middle America
29221,Evangelical Hubs
29223,Evangelical Hubs
29225,Working Class Country
29227,Aging Farmlands
29229,Evangelical Hubs
29510,Big Cities
30001,Graying America
30003,Native American Lands
30005,Native American Lands
30007,Graying America
30009,Graying America
30011,Aging Farmlands
30013,Military Posts
30015,Native American Lands
30017,Graying America
30019,Aging Farmlands
30021,Aging Farmlands
30023,Graying America
30025,Aging Farmlands
30027,Aging Farmlands
30029,Graying America
30031,College Towns
30033,Aging Farmlands
30035,Native American Lands
30037,Aging Farmlands
30039,Graying America
30041,Graying America
30043,Exurbs
30045,Aging Farmlands
30047,Graying America
30049,Exurbs
30051,Aging Farmlands
30053,Graying America
30055,Aging Farmlands
30057,Graying America
30059,Graying America
30061,Graying America
30063,College Towns
30065,Aging Farmlands
30067,Graying America
30069,Aging Farmlands
30071,Aging Farmlands
30073,Graying America
30075,Aging Farmlands
30077,Graying America
30079,Aging Farmlands
30081,Graying America
30083,Aging Farmlands
30085,Native American Lands
30087,Native American Lands
30089,Graying America
30091,Aging Farmlands
30093,Graying America
30095,Aging Farmlands
30097,Aging Farmlands
30099,Aging Farmlands
30101,Graying America
30103,Aging Farmlands
30105,Graying America
30107,Aging Farmlands
30109,Aging Farmlands
30111,Exurbs
31001,Rural Middle America
31003,Aging Farmlands
31005,Aging Farmlands
31007,Aging Farmlands
31009,Aging Farmlands
31011,Aging Farmlands
31013,Aging Farmlands
31015,Aging Farmlands
31017,Aging Farmlands
31019,College Towns
31021,Rural Middle America
31023,Rural Middle America
31025,Rural Middle America
31027,Aging Farmlands
31029,Aging Farmlands
31031,Aging Farmlands
31033,Rural Middle America
31035,Aging Farmlands
31037,Hispanic Centers
31039,Rural Middle America
31041,Aging Farmlands
31043,Hispanic Centers
31045,College Towns
31047,Hispanic Centers
31049,Aging Farmlands
31051,Rural Middle America
31053,Rural Middle America
31055,Big Cities
31057,Aging Farmlands
31059,Aging Farmlands
31061,Aging Farmlands
31063,Aging Farmlands
31065,Aging Farmlands
31067,Rural Middle America
31069,Aging Farmlands
31071,Aging Farmlands
31073,Aging Farmlands
31075,Aging Farmlands
31077,Aging Farmlands
31079,Exurbs
31081,Rural Middle America
31083,Aging Farmlands
31085,Aging Farmlands
31087,Aging Farmlands
31089,Aging Farmlands
31091,Graying America
31093,Rural Middle America
31095,Aging Farmlands
31097,Rural Middle America
31099,Aging Farmlands
31101,Graying America
31103,Aging Farmlands
31105,Working Class Country
31107,Aging Farmlands
31109,College Towns
31111,Rural Middle America
31113,Aging Farmlands
31115,Aging Farmlands
31117,Aging Farmlands
31119,Rural Middle America
31121,Aging Farmlands
31123,Aging Farmlands
31125,Aging Farmlands
31127,Rural Middle America
31129,Aging Farmlands
31131,Rural Middle America
31133,Aging Farmlands
31135,Aging Farmlands
31137,Rural Middle America
31139,Rural Middle America
31141,Rural Middle America
31143,Aging Farmlands
31145,Rural Middle America
31147,Aging Farmlands
31149,Aging Farmlands
31151,Rural Middle America
31153,Military Posts
31155,Rural Middle America
31157,Rural Middle America
31159,Rural Middle America
31161,Aging Farmlands
31163,Aging Farmlands
31165,Aging Farmlands
31167,Rural Middle America
31169,Aging Farmlands
31171,Aging Farmlands
31173,Native American Lands
31175,Aging Farmlands
31177,Rural Middle America
31179,College Towns
31181,Aging Farmlands
31183,Aging Farmlands
31185,Rural Middle America
32001,Graying America
32003,Big Cities
32005,Graying America
32007,Exurbs
32009,Graying America
32011,Aging Farmlands
32013,Graying America
32015,Graying America
32017,Graying America
32019,Rural Middle America
32021,Native American Lands
32023,Graying America
32027,Graying America
32029,Graying America
32031,Exurbs
32033,Graying America
32510,Graying America
33001,Graying America
33003,Graying America
33005,College Towns
33007,Graying America
33009,Graying America
33011,Exurbs
33013,Exurbs
33015,Exurbs
33017,College Towns
33019,Graying America
34001,Middle Suburbs
34003,Urban Burbs
34005,Urban Burbs
34007,Urban Burbs
34009,Graying America
34011,Hispanic Centers
34013,Urban Burbs
34015,Exurbs
34017,Urban Burbs
34019,Exurbs
34021,Urban Burbs
34023,Urban Burbs
34025,Urban Burbs
34027,Urban Burbs
34029,Exurbs
34031,Urban Burbs
34033,Rural Middle America
34035,Urban Burbs
34037,Exurbs
34039,Urban Burbs
34041,Exurbs
35001,Big Cities
35003,Graying America
35005,Hispanic Centers
35006,Hispanic Centers
35007,Hispanic Centers
35009,Military Posts
35011,Hispanic Centers
35013,Hispanic Centers
35015,Hispanic Centers
35017,Hispanic Centers
35019,Hispanic Centers
35021,Hispanic Centers
35023,Hispanic Centers
35025,Hispanic Centers
35027,Graying America
35028,Exurbs
35029,Hispanic Centers
35031,Native American Lands
35033,Hispanic Centers
35035,Military Posts
35037,Hispanic Centers
35039,Hispanic Centers
35041,College Towns
35043,Exurbs
35045,Native American Lands
35047,Hispanic Centers
35049,Urban Burbs
35051,Graying America
35053,Hispanic Centers
35055,Hispanic Centers
35057,Hispanic Centers
35059,Hispanic Centers
35061,Hispanic Centers
36001,College Towns
36003,Rural Middle America
36005,Big Cities
36007,College Towns
36009,Rural Middle America
36011,Rural Middle America
36013,Rural Middle America
36015,Rural Middle America
36017,Rural Middle America
36019,College Towns
36021,Graying America
36023,Rural Middle America
36025,Graying America
36027,College Towns
36029,Urban Burbs
36031,Graying America
36033,Graying America
36035,Rural Middle America
36037,Rural Middle America
36039,Graying America
36041,Graying America
36043,Rural Middle America
36045,Military Posts
36047,Big Cities
36049,Rural Middle America
36051,Rural Middle America
36053,Rural Middle America
36055,College Towns
36057,Graying America
36059,Urban Burbs
36061,Big Cities
36063,Middle Suburbs
36065,Rural Middle America
36067,College Towns
36069,Rural Middle America
36071,Urban Burbs
36073,Rural Middle America
36075,Rural Middle America
36077,Graying America
36079,Urban Burbs
36081,Big Cities
36083,College Towns
36085,Big Cities
36087,Urban Burbs
36089,College Towns
36091,Exurbs
36093,College Towns
36095,Graying America
36097,Graying America
36099,Rural Middle America
36101,Rural Middle America
36103,Urban Burbs
36105,Graying America
36107,Rural Middle America
36109,College Towns
36111,Graying America
36113,Graying America
36115,Rural Middle America
36117,Rural Middle America
36119,Urban Burbs
36121,Rural Middle America
36123,Graying America
37001,College Towns
37003,Evangelical Hubs
37005,Graying America
37007,African American South
37009,Graying America
37011,Graying America
37013,Working Class Country
37015,African American South
37017,African American South
37019,Graying America
37021,College Towns
37023,Evangelical Hubs
37025,Urban Burbs
37027,Evangelical Hubs
37029,Rural Middle America
37031,Graying America
37033,Working Class Country
37035,Middle Suburbs
37037,Exurbs
37039,Graying America
37041,African American South
37043,Graying America
37045,Working Class Country
37047,African American South
37049,Military Posts
37051,Military Posts
37053,Exurbs
37055,Graying America
37057,Working Class Country
37059,Rural Middle America
37061,Working Class Country
37063,College Towns
37065,African American South
37067,College Towns
37069,Working Class Country
37071,Working Class Country
37073,Working Class Country
37075,Graying America
37077,Working Class Country
37079,African American South
37081,Urban Burbs
37083,African American South
37085,Exurbs
37087,Graying America
37089,Middle Suburbs
37091,African American South
37093,African American South
37095,African American South
37097,Urban Burbs
37099,College Towns
37101,Exurbs
37103,Working Class Country
37105,Working Class Country
37107,African American South
37109,Evangelical Hubs
37111,Evangelical Hubs
37113,Graying America
37115,Graying America
37117,African American South
37119,Big Cities
37121,Graying America
37123,Working Class Country
37125,Rural Middle America
37127,African American South
37129,College Towns
37131,African American South
37133,Military Posts
37135,College Towns
37137,Graying America
37139,Military Posts
37141,Working Class Country
37143,Working Class Country
37145,Working Class Country
37147,College Towns
37149,Graying America
37151,Rural Middle America
37153,African American South
37155,Native American Lands
37157,Evangelical Hubs
37159,Working Class Country
37161,Working Class Country
37163,Working Class Country
37165,African American South
37167,Evangelical Hubs
37169,Evangelical Hubs
37171,Evangelical Hubs
37173,Graying America
37175,Graying America
37177,Graying America
37179,Urban Burbs
37181,African American South
37183,Big Cities
37185,African American South
37187,African American South
37189,College Towns
37191,African American South
37193,Evangelical Hubs
37195,African American South
37197,Evangelical Hubs
37199,Evangelical Hubs
38001,Aging Farmlands
38003,Aging Farmlands
38005,Native American Lands
38007,Aging Farmlands
38009,Aging Farmlands
38011,Aging Farmlands
38013,Aging Farmlands
38015,Exurbs
38017,College Towns
38019,Aging Farmlands
38021,Aging Farmlands
38023,Aging Farmlands
38025,Aging Farmlands
38027,Aging Farmlands
38029,Aging Farmlands
38031,Aging Farmlands
38033,Aging Farmlands
38035,College Towns
38037,Aging Farmlands
38039,Aging Farmlands
38041,Aging Farmlands
38043,Aging Farmlands
38045,Aging Farmlands
38047,Aging Farmlands
38049,Aging Farmlands
38051,Aging Farmlands
38053,Exurbs
38055,Aging Farmlands
38057,Aging Farmlands
38059,Exurbs
38061,Graying America
38063,Aging Farmlands
38065,Aging Farmlands
38067,Aging Farmlands
38069,Aging Farmlands
38071,Graying America
38073,Rural Middle America
38075,Aging Farmlands
38077,Rural Middle America
38079,Native American Lands
38081,Rural Middle America
38083,Aging Farmlands
38085,Native American Lands
38087,Aging Farmlands
38089,Exurbs
38091,Aging Farmlands
38093,Rural Middle America
38095,Aging Farmlands
38097,Rural Middle America
38099,Aging Farmlands
38101,Military Posts
38103,Aging Farmlands
38105,Exurbs
39001,Evangelical Hubs
39003,Rural Middle America
39005,Rural Middle America
39007,Rural Middle America
39009,College Towns
39011,Rural Middle America
39013,Rural Middle America
39015,Rural Middle America
39017,Exurbs
39019,Rural Middle America
39021,Rural Middle America
39023,Middle Suburbs
39025,Middle Suburbs
39027,Rural Middle America
39029,Rural Middle America
39031,Rural Middle America
39033,Rural Middle America
39035,Big Cities
39037,Rural Middle America
39039,Rural Middle America
39041,Exurbs
39043,Middle Suburbs
39045,Exurbs
39047,Working Class Country
39049,Big Cities
39051,Rural Middle America
39053,Evangelical Hubs
39055,Rural Middle America
39057,College Towns
39059,Working Class Country
39061,Urban Burbs
39063,Rural Middle America
39065,Rural Middle America
39067,Working Class Country
39069,Rural Middle America
39071,Working Class Country
39073,Rural Middle America
39075,Rural Middle America
39077,Rural Middle America
39079,Working Class Country
39081,Rural Middle America
39083,Rural Middle America
39085,Middle Suburbs
39087,Working Class Country
39089,Rural Middle America
39091,Rural Middle America
39093,Middle Suburbs
39095,Urban Burbs
39097,Rural Middle America
39099,Middle Suburbs
39101,Rural Middle America
39103,Middle Suburbs
39105,Working Class Country
39107,Rural Middle America
39109,Rural Middle America
39111,Aging Farmlands
39113,Urban Burbs
39115,Working Class Country
39117,Rural Middle America
39119,Rural Middle America
39121,Rural Middle America
39123,Graying America
39125,Rural Middle America
39127,Working Class Country
39129,Rural Middle America
39131,Working Class Country
39133,Middle Suburbs
39135,Rural Middle America
39137,Rural Middle America
39139,Rural Middle America
39141,Rural Middle America
39143,Rural Middle America
39145,Working Class Country
39147,Rural Middle America
39149,Rural Middle America
39151,Middle Suburbs
39153,College Towns
39155,Middle Suburbs
39157,Rural Middle America
39159,Exurbs
39161,Rural Middle America
39163,Working Class Country
39165,Exurbs
39167,Rural Middle America
39169,Rural Middle America
39171,Rural Middle America
39173,College Towns
39175,Rural Middle America
40001,Native American Lands
40003,Aging Farmlands
40005,Evangelical Hubs
40007,Aging Farmlands
40009,Graying America
40011,Aging Farmlands
40013,College Towns
40015,Working Class Country
40017,Exurbs
40019,Working Class Country
40021,Native American Lands
40023,Working Class Country
40025,Aging Farmlands
40027,College Towns
40029,Working Class Country
40031,Military Posts
40033,Working Class Country
40035,Working Class Country
40037,Working Class Country
40039,College Towns
40041,Graying America
40043,Aging Farmlands
40045,Aging Farmlands
40047,Graying America
40049,Evangelical Hubs
40051,Evangelical Hubs
40053,Aging Farmlands
40055,Graying America
40057,Aging Farmlands
40059,Graying America
40061,Evangelical Hubs
40063,Evangelical Hubs
40065,Military Posts
40067,Evangelical Hubs
40069,Working Class Country
40071,Working Class Country
40073,Rural Middle America
40075,Evangelical Hubs
40077,Working Class Country
40079,Working Class Country
40081,Working Class Country
40083,Exurbs
40085,Working Class Country
40087,Exurbs
40089,Working Class Country
40091,Working Class Country
40093,Aging Farmlands
40095,Working Class Country
40097,Working Class Country
40099,Working Class Country
40101,Working Class Country
40103,Rural Middle America
40105,Evangelical Hubs
40107,Evangelical Hubs
40109,Big Cities
40111,Working Class Country
40113,Working Class Country
40115,Working Class Country
40117,Working Class Country
40119,College Towns
40121,Graying America
40123,College Towns
40125,Working Class Country
40127,Working Class Country
40129,Aging Farmlands
40131,Exurbs
40133,Working Class Country
40135,Working Class Country
40137,Evangelical Hubs
40139,Hispanic Centers
40141,Graying America
40143,Big Cities
40145,Exurbs
40147,Rural Middle America
40149,Evangelical Hubs
40151,College Towns
40153,Working Class Country
41001,Graying America
41003,College Towns
41005,Exurbs
41007,Graying America
41009,Rural Middle America
41011,Graying America
41013,Graying America
41015,Graying America
41017,Exurbs
41019,Rural Middle America
41021,Graying America
41023,Graying America
41025,Graying America
41027,Exurbs
41029,College Towns
41031,Graying America
41033,Graying America
41035,Graying America
41037,Graying America
41039,College Towns
41041,Graying America
41043,Rural Middle America
41045,Hispanic Centers
41047,Exurbs
41049,Hispanic Centers
41051,Big Cities
41053,College Towns
41055,Aging Farmlands
41057,Graying America
41059,Graying America
41061,Rural Middle America
41063,Graying America
41065,Graying America
41067,Urban Burbs
41069,Graying America
41071,Exurbs
42001,Rural Middle America
42003,Urban Burbs
42005,Rural Middle America
42007,Middle Suburbs
42009,Rural Middle America
42011,Middle Suburbs
42013,Rural Middle America
42015,Rural Middle America
42017,Exurbs
42019,Rural Middle America
42021,Rural Middle America
42023,Graying America
42025,Rural Middle America
42027,College Towns
42029,Exurbs
42031,Rural Middle America
42033,Working Class Country
42035,Rural Middle America
42037,Rural Middle America
42039,Rural Middle America
42041,Exurbs
42043,College Towns
42045,Urban Burbs
42047,Rural Middle America
42049,Middle Suburbs
42051,Working Class Country
42053,Graying America
42055,Rural Middle America
42057,Rural Middle America
42059,Rural Middle America
42061,Rural Middle America
42063,Rural Middle America
42065,Rural Middle America
42067,Rural Middle America
42069,Middle Suburbs
42071,Exurbs
42073,Rural Middle America
42075,Middle Suburbs
42077,Urban Burbs
42079,Middle Suburbs
42081,Rural Middle America
42083,Rural Middle America
42085,Rural Middle America
42087,Rural Middle America
42089,Exurbs
42091,Urban Burbs
42093,Rural Middle America
42095,Urban Burbs
42097,Rural Middle America
42099,Rural Middle America
42101,Big Cities
42103,Graying America
42105,Working Class Country
42107,Rural Middle America
42109,Rural Middle America
42111,Working Class Country
42113,Graying America
42115,Graying America
42117,Rural Middle America
42119,Rural Middle America
42121,Rural Middle America
42123,Rural Middle America
42125,Rural Middle America
42127,Graying America
42129,Middle Suburbs
42131,Rural Middle America
42133,Middle Suburbs
44001,Exurbs
44003,Middle Suburbs
44005,Exurbs
44007,Urban Burbs
44009,Exurbs
45001,Working Class Country
45003,Working Class Country
45005,African American South
45007,Working Class Country
45009,African American South
45011,African American South
45013,Military Posts
45015,Military Posts
45017,African American South
45019,College Towns
45021,Working Class Country
45023,African American South
45025,African American South
45027,African American South
45029,African American South
45031,African American South
45033,African American South
45035,Military Posts
45037,Working Class Country
45039,African American South
45041,African American South
45043,Graying America
45045,Urban Burbs
45047,African American South
45049,African American South
45051,Graying America
45053,African American South
45055,Working Class Country
45057,Exurbs
45059,Working Class Country
45061,African American South
45063,Urban Burbs
45065,Graying America
45067,African American South
45069,African American South
45071,Working Class Country
45073,Working Class Country
45075,African American South
45077,College Towns
45079,College Towns
45081,Working Class Country
45083,Working Class Country
45085,African American South
45087,African American South
45089,African American South
45091,Urban Burbs
46003,Aging Farmlands
46005,Rural Middle America
46007,Native American Lands
46009,Aging Farmlands
46011,College Towns
46013,Rural Middle America
46015,Aging Farmlands
46017,Native American Lands
46019,Rural Middle America
46021,Aging Farmlands
46023,Native American Lands
46025,Aging Farmlands
46027,College Towns
46029,Rural Middle America
46031,Native American Lands
46033,Graying America
46035,Rural Middle America
46037,Aging Farmlands
46039,Rural Middle America
46041,Native American Lands
46043,Aging Farmlands
46045,Aging Farmlands
46047,Graying America
46049,Aging Farmlands
46051,Rural Middle America
46053,Aging Farmlands
46055,Aging Farmlands
46057,Rural Middle America
46059,Aging Farmlands
46061,Rural Middle America
46063,Aging Farmlands
46065,Graying America
46067,Aging Farmlands
46069,Aging Farmlands
46071,Native American Lands
46073,Aging Farmlands
46075,Aging Farmlands
46077,Aging Farmlands
46079,Rural Middle America
46081,Graying America
46083,Exurbs
46085,Native American Lands
46087,Aging Farmlands
46089,Aging Farmlands
46091,Aging Farmlands
46093,Military Posts
46095,Native American Lands
46097,Aging Farmlands
46099,Exurbs
46101,Rural Middle America
46102,Native American Lands
46103,Military Posts
46105,Aging Farmlands
46107,Aging Farmlands
46109,Native American Lands
46111,Aging Farmlands
46113,Native American Lands
46115,Aging Farmlands
46117,Aging Farmlands
46119,Aging Farmlands
46121,Native American Lands
46123,Aging Farmlands
46125,Rural Middle America
46127,Rural Middle America
46129,Aging Farmlands
46135,Rural Middle America
46137,Native American Lands
47001,Working Class Country
47003,Evangelical Hubs
47005,Evangelical Hubs
47007,Evangelical Hubs
47009,Rural Middle America
47011,Evangelical Hubs
47013,Evangelical Hubs
47015,Evangelical Hubs
47017,Evangelical Hubs
47019,Evangelical Hubs
47021,Rural Middle America
47023,Evangelical Hubs
47025,Evangelical Hubs
47027,Evangelical Hubs
47029,Evangelical Hubs
47031,Evangelical Hubs
47033,Evangelical Hubs
47035,Evangelical Hubs
47037,Big Cities
47039,Evangelical Hubs
47041,Evangelical Hubs
47043,Rural Middle America
47045,Evangelical Hubs
47047,Working Class Country
47049,Evangelical Hubs
47051,Rural Middle America
47053,Working Class Country
47055,Evangelical Hubs
47057,Evangelical Hubs
47059,Evangelical Hubs
47061,Evangelical Hubs
47063,Evangelical Hubs
47065,Urban Burbs
47067,Evangelical Hubs
47069,African American South
47071,Evangelical Hubs
47073,Evangelical Hubs
47075,African American South
47077,Evangelical Hubs
47079,Evangelical Hubs
47081,Evangelical Hubs
47083,Evangelical Hubs
47085,Evangelical Hubs
47087,Evangelical Hubs
47089,Evangelical Hubs
47091,Evangelical Hubs
47093,College Towns
47095,African American South
47097,African American South
47099,Evangelical Hubs
47101,Evangelical Hubs
47103,Evangelical Hubs
47105,Rural Middle America
47107,Evangelical Hubs
47109,Evangelical Hubs
47111,Evangelical Hubs
47113,African American South
47115,Evangelical Hubs
47117,Evangelical Hubs
47119,Exurbs
47121,Evangelical Hubs
47123,Evangelical Hubs
47125,Military Posts
47127,Rural Middle America
47129,Evangelical Hubs
47131,Evangelical Hubs
47133,Evangelical Hubs
47135,Evangelical Hubs
47137,Evangelical Hubs
47139,Evangelical Hubs
47141,College Towns
47143,Evangelical Hubs
47145,Evangelical Hubs
47147,Rural Middle America
47149,Urban Burbs
47151,Evangelical Hubs
47153,Evangelical Hubs
47155,Evangelical Hubs
47157,African American South
47159,Evangelical Hubs
47161,Evangelical Hubs
47163,Evangelical Hubs
47165,Exurbs
47167,Evangelical Hubs
47169,Evangelical Hubs
47171,Evangelical Hubs
47173,Evangelical Hubs
47175,Evangelical Hubs
47177,Evangelical Hubs
47179,College Towns
47181,Evangelical Hubs
47183,Evangelical Hubs
47185,Evangelical Hubs
47187,Exurbs
47189,Exurbs
48001,Evangelical Hubs
48003,Hispanic Centers
48005,Working Class Country
48007,Graying America
48009,Rural Middle America
48011,Aging Farmlands
48013,Hispanic Centers
48015,Exurbs
48017,Hispanic Centers
48019,Graying America
48021,Exurbs
48023,Aging Farmlands
48025,Hispanic Centers
48027,Military Posts
48029,Big Cities
48031,Graying America
48033,Aging Farmlands
48035,Working Class Country
48037,African American South
48039,Exurbs
48041,College Towns
48043,Hispanic Centers
48045,Aging Farmlands
48047,Hispanic Centers
48049,Working Class Country
48051,Working Class Country
48053,Graying America
48055,Hispanic Centers
48057,Hispanic Centers
48059,Evangelical Hubs
48061,Hispanic Centers
48063,Working Class Country
48065,Aging Farmlands
48067,Evangelical Hubs
48069,Hispanic Centers
48071,Exurbs
48073,Working Class Country
48075,Graying America
48077,Aging Farmlands
48079,Hispanic Centers
48081,Aging Farmlands
48083,Aging Farmlands
48085,Urban Burbs
48087,Working Class Country
48089,Working Class Country
48091,Exurbs
48093,Working Class Country
48095,Hispanic Centers
48097,Rural Middle America
48099,Military Posts
48101,Graying America
48103,Hispanic Centers
48105,Hispanic Centers
48107,Hispanic Centers
48109,Hispanic Centers
48111,Hispanic Centers
48113,Big Cities
48115,Hispanic Centers
48117,Hispanic Centers
48119,Working Class Country
48121,Urban Burbs
48123,Working Class Country
48125,Graying America
48127,Hispanic Centers
48129,Aging Farmlands
48131,Hispanic Centers
48133,Evangelical Hubs
48135,Hispanic Centers
48137,Hispanic Centers
48139,Exurbs
48141,Hispanic Centers
48143,College Towns
48145,Graying America
48147,Evangelical Hubs
48149,Graying America
48151,Aging Farmlands
48153,Hispanic Centers
48155,Aging Farmlands
48157,Urban Burbs
48159,Rural Middle America
48161,Evangelical Hubs
48163,Hispanic Centers
48165,Hispanic Centers
48167,Urban Burbs
48169,Hispanic Centers
48171,Graying America
48173,Hispanic Centers
48175,Aging Farmlands
48177,Hispanic Centers
48179,Evangelical Hubs
48181,Working Class Country
48183,Exurbs
48185,Working Class Country
48187,Exurbs
48189,Hispanic Centers
48191,Hispanic Centers
48193,Working Class Country
48195,Hispanic Centers
48197,Aging Farmlands
48199,Working Class Country
48201,Big Cities
48203,Working Class Country
48205,Aging Farmlands
48207,Graying America
48209,Urban Burbs
48211,Hispanic Centers
48213,Working Class Country
48215,Hispanic Centers
48217,Working Class Country
48219,Hispanic Centers
48221,Exurbs
48223,Evangelical Hubs
48225,Evangelical Hubs
48227,Hispanic Centers
48229,Hispanic Centers
48231,Working Class Country
48233,Working Class Country
48235,Aging Farmlands
48237,Evangelical Hubs
48239,Working Class Country
48241,Evangelical Hubs
48243,Graying America
48245,African American South
48247,Hispanic Centers
48249,Hispanic Centers
48251,Exurbs
48253,Graying America
48255,Hispanic Centers
48257,Exurbs
48259,Exurbs
48261,Hispanic Centers
48263,Graying America
48265,Graying America
48267,Graying America
48269,Graying America
48271,Hispanic Centers
48273,Hispanic Centers
48275,Aging Farmlands
48277,Working Class Country
48279,Hispanic Centers
48281,Working Class Country
48283,Hispanic Centers
48285,Rural Middle America
48287,Working Class Country
48289,Working Class Country
48291,Hispanic Centers
48293,Graying America
48295,Hispanic Centers
48297,Hispanic Centers
48299,Graying America
48301,Aging Farmlands
48303,College Towns
48305,Hispanic Centers
48307,Hispanic Centers
48309,College Towns
48311,Hispanic Centers
48313,Working Class Country
48315,Working Class Country
48317,Hispanic Centers
48319,Aging Farmlands
48321,Hispanic Centers
48323,Hispanic Centers
48325,Hispanic Centers
48327,Graying America
48329,Hispanic Centers
48331,Working Class Country
48333,Graying America
48335,Hispanic Centers
48337,Evangelical Hubs
48339,Urban Burbs
48341,Hispanic Centers
48343,Working Class Country
48345,Aging Farmlands
48347,College Towns
48349,Hispanic Centers
48351,Evangelical Hubs
48353,Hispanic Centers
48355,Hispanic Centers
48357,Hispanic Centers
48359,Aging Farmlands
48361,Working Class Country
48363,Working Class Country
48365,Evangelical Hubs
48367,Exurbs
48369,Hispanic Centers
48371,Hispanic Centers
48373,Evangelical Hubs
48375,Hispanic Centers
48377,Hispanic Centers
48379,Evangelical Hubs
48381,Exurbs
48383,Hispanic Centers
48385,Graying America
48387,Evangelical Hubs
48389,Hispanic Centers
48391,Hispanic Centers
48393,Aging Farmlands
48395,Graying America
48397,Urban Burbs
48399,Working Class Country
48401,Working Class Country
48403,Graying America
48405,Working Class Country
48407,Working Class Country
48409,Hispanic Centers
48411,Aging Farmlands
48413,Hispanic Centers
48415,Hispanic Centers
48417,Working Class Country
48419,Working Class Country
48421,Hispanic Centers
48423,Exurbs
48425,Exurbs
48427,Hispanic Centers
48429,Graying America
48431,Hispanic Centers
48433,Aging Farmlands
48435,Hispanic Centers
48437,Hispanic Centers
48439,Big Cities
48441,Military Posts
48443,Aging Farmlands
48445,Hispanic Centers
48447,Aging Farmlands
48449,Hispanic Centers
48451,Military Posts
48453,Big Cities
48455,Working Class Country
48457,Evangelical Hubs
48459,Evangelical Hubs
48461,Hispanic Centers
48463,Hispanic Centers
48465,Hispanic Centers
48467,Evangelical Hubs
48469,Hispanic Centers
48471,College Towns
48473,Exurbs
48475,Hispanic Centers
48477,Working Class Country
48479,Hispanic Centers
48481,Hispanic Centers
48483,Evangelical Hubs
48485,Military Posts
48487,Graying America
48489,Hispanic Centers
48491,Urban Burbs
48493,Exurbs
48495,Hispanic Centers
48497,Exurbs
48499,Working Class Country
48501,Hispanic Centers
48503,Evangelical Hubs
48505,Hispanic Centers
48507,Hispanic Centers
49001,LDS Enclaves
49003,LDS Enclaves
49005,LDS Enclaves
49007,LDS Enclaves
49009,LDS Enclaves
49011,LDS Enclaves
49013,LDS Enclaves
49015,LDS Enclaves
49017,LDS Enclaves
49019,LDS Enclaves
49021,LDS Enclaves
49023,LDS Enclaves
49025,LDS Enclaves
49027,LDS Enclaves
49029,LDS Enclaves
49031,LDS Enclaves
49033,LDS Enclaves
49035,LDS Enclaves
49037,Native American Lands
49039,LDS Enclaves
49041,LDS Enclaves
49043,LDS Enclaves
49045,LDS Enclaves
49047,LDS Enclaves
49049,LDS Enclaves
49051,LDS Enclaves
49053,LDS Enclaves
49055,LDS Enclaves
49057,LDS Enclaves
50001,Graying America
50003,Graying America
50005,Graying America
50007,College Towns
50009,Graying America
50011,Rural Middle America
50013,Graying America
50015,Graying America
50017,Graying America
50019,Graying America
50021,Graying America
50023,Graying America
50025,Graying America
50027,Graying America
51001,Working Class Country
51003,College Towns
51005,Working Class Country
51007,Working Class Country
51009,Rural Middle America
51011,Working Class Country
51013,Urban Burbs
51015,Rural Middle America
51017,Graying America
51019,Rural Middle America
51021,Evangelical Hubs
51023,Rural Middle America
51025,African American South
51027,Evangelical Hubs
51029,Working Class Country
51031,Rural Middle America
51033,Exurbs
51035,Evangelical Hubs
51036,African American South
51037,Evangelical Hubs
51041,Urban Burbs
51043,Exurbs
51045,Rural Middle America
51047,Exurbs
51049,Graying America
51051,Evangelical Hubs
51053,Working Class Country
51057,African American South
51059,Urban Burbs
51061,Exurbs
51063,Rural Middle America
51065,Exurbs
51067,Rural Middle America
51069,Exurbs
51071,Rural Middle America
51073,Rural Middle America
51075,Exurbs
51077,Evangelical Hubs
51079,Exurbs
51081,African American South
51083,African American South
51085,Exurbs
51087,Urban Burbs
51089,Working Class Country
51091,Graying America
51093,Exurbs
51095,Urban Burbs
51097,Graying America
51099,Military Posts
51101,Exurbs
51103,Graying America
51105,Evangelical Hubs
51107,Urban Burbs
51109,Exurbs
51111,Working Class Country
51113,Rural Middle America
51115,Graying America
51117,African American South
51119,Graying America
51121,College Towns
51125,Graying America
51127,Exurbs
51131,Graying America
51133,Graying America
51135,African American South
51137,Exurbs
51139,Evangelical Hubs
51141,Rural Middle America
51143,Working Class Country
51145,Exurbs
51147,College Towns
51149,Military Posts
51153,Urban Burbs
51155,Rural Middle America
51157,Graying America
51159,Graying America
51161,Middle Suburbs
51163,Graying America
51165,Rural Middle America
51167,Evangelical Hubs
51169,Evangelical Hubs
51171,Rural Middle America
51173,Evangelical Hubs
51175,Rural Middle America
51177,Military Posts
51179,Military Posts
51181,African American South
51183,African American South
51185,Evangelical Hubs
51187,Rural Middle America
51191,Rural Middle America
51193,African American South
51195,Evangelical Hubs
51197,Rural Middle America
51199,Military Posts
51510,Urban Burbs
51515,Working Class Country
51520,Evangelical Hubs
51530,College Towns
51540,College Towns
51550,Military Posts
51570,College Towns
51580,Evangelical Hubs
51590,African American South
51595,African American South
51600,Urban Burbs
51650,African American South
51660,College Towns
51670,African American South
51678,College Towns
51680,College Towns
51685,Exurbs
51690,African American South
51700,African American South
51710,African American South
51720,College Towns
51730,African American South
51735,Exurbs
51740,African American South
51760,African American South
51770,College Towns
51790,College Towns
51800,Military Posts
51810,Military Posts
51820,College Towns
51830,College Towns
51840,College Towns
53001,Hispanic Centers
53003,Rural Middle America
53005,Exurbs
53007,Exurbs
53009,Graying America
53011,Urban Burbs
53013,Graying America
53015,Rural Middle America
53017,Exurbs
53019,Graying America
53021,Hispanic Centers
53023,Aging Farmlands
53025,Hispanic Centers
53027,Graying America
53029,Military Posts
53031,Graying America
53033,Big Cities
53035,Military Posts
53037,College Towns
53039,Graying America
53041,Rural Middle America
53043,Aging Farmlands
53045,Graying America
53047,Graying America
53049,Graying America
53051,Graying America
53053,Urban Burbs
53055,Graying America
53057,Exurbs
53059,Graying America
53061,Urban Burbs
53063,College Towns
53065,Graying America
53067,Military Posts
53069,Graying America
53071,College Towns
53073,College Towns
53075,College Towns
53077,Hispanic Centers
54001,Working Class Country
54003,Middle Suburbs
54005,Evangelical Hubs
54007,Working Class Country
54009,Rural Middle America
54011,College Towns
54013,Evangelical Hubs
54015,Evangelical Hubs
54017,Aging Farmlands
54019,Evangelical Hubs
54021,Evangelical Hubs
54023,Working Class Country
54025,Graying America
54027,Working Class Country
54029,Middle Suburbs
54031,Rural Middle America
54033,Rural Middle America
54035,Evangelical Hubs
54037,Exurbs
54039,Working Class Country
54041,Evangelical Hubs
54043,Evangelical Hubs
54045,Evangelical Hubs
54047,Evangelical Hubs
54049,Rural Middle America
54051,Working Class Country
54053,Rural Middle America
54055,Evangelical Hubs
54057,Evangelical Hubs
54059,Evangelical Hubs
54061,College Towns
54063,Evangelical Hubs
54065,Graying America
54067,Evangelical Hubs
54069,College Towns
54071,Graying America
54073,Rural Middle America
54075,Graying America
54077,Working Class Country
54079,Rural Middle America
54081,Working Class Country
54083,Working Class Country
54085,Evangelical Hubs
54087,Evangelical Hubs
54089,Graying America
54091,Working Class Country
54093,Graying America
54095,Aging Farmlands
54097,Evangelical Hubs
54099,Evangelical Hubs
54101,Evangelical Hubs
54103,Working Class Country
54105,Evangelical Hubs
54107,Rural Middle America
54109,Evangelical Hubs
55001,Graying America
55003,Graying America
55005,Rural Middle America
55007,Graying America
55009,Middle Suburbs
55011,Rural Middle America
55013,Graying America
55015,Rural Middle America
55017,Rural Middle America
55019,Rural Middle America
55021,Rural Middle America
55023,Rural Middle America
55025,College Towns
55027,Rural Middle America
55029,Graying America
55031,Rural Middle America
55033,College Towns
55035,College Towns
55037,Graying America
55039,Rural Middle America
55041,Graying America
55043,Rural Middle America
55045,Rural Middle America
55047,Rural Middle America
55049,Rural Middle America
55051,Graying America
55053,Rural Middle America
55055,Rural Middle America
55057,Rural Middle America
55059,Middle Suburbs
55061,Rural Middle America
55063,College Towns
55065,Rural Middle America
55067,Rural Middle America
55069,Rural Middle America
55071,Rural Middle America
55073,Rural Middle America
55075,Rural Middle America
55077,Rural Middle America
55078,Native American Lands
55079,Big Cities
55081,Rural Middle America
55083,Rural Middle America
55085,Graying America
55087,Middle Suburbs
55089,Exurbs
55091,Rural Middle America
55093,Rural Middle America
55095,Rural Middle America
55097,College Towns
55099,Graying America
55101,Middle Suburbs
55103,Rural Middle America
55105,Rural Middle America
55107,Rural Middle America
55109,Exurbs
55111,Rural Middle America
55113,Graying America
55115,Rural Middle America
55117,Rural Middle America
55119,Rural Middle America
55121,Rural Middle America
55123,Rural Middle America
55125,Graying America
55127,Rural Middle America
55129,Graying America
55131,Middle Suburbs
55133,Exurbs
55135,Rural Middle America
55137,Graying America
55139,Middle Suburbs
55141,Rural Middle America
56001,College Towns
56003,Rural Middle America
56005,Exurbs
56007,Graying America
56009,Aging Farmlands
56011,Aging Farmlands
56013,Graying America
56015,Rural Middle America
56017,Aging Farmlands
56019,Graying America
56021,Exurbs
56023,Rural Middle America
56025,Rural Middle America
56027,Aging Farmlands
56029,Rural Middle America
56031,Aging Farmlands
56033,Graying America
56035,Aging Farmlands
56037,Exurbs
56039,Exurbs
56041,Rural Middle America
56043,Rural Middle America
56045,Aging Farmlands